Epoch,Train_Loss,Valid_Loss,Time
1,31290574.1,6872370.0,19.5
2,31917565.1,88782.265625,39.34
3,562741.959375,364371.40625,58.76
4,1812197.3140625,267764.09375,79.39
5,147473.51796875,35002.08984375,100.53
6,50802.83115234375,10468.373046875,121.11
7,49532.7943359375,15681.927734375,142.12
8,33703.3505859375,5324.1689453125,165.34
9,17415.94072265625,898.4392700195312,188.48
10,6706.5333251953125,2295.73974609375,209.89
11,5088.379248046875,1959.620361328125,231.15
12,4335.727917480469,754.57373046875,252.35
13,3985.18603515625,479.42852783203125,275.78
14,4210.768341064453,486.3554992675781,297.76
15,4249.333422851562,426.74835205078125,318.77
16,4587.161486816406,417.0389709472656,339.62
17,5352.945846557617,444.41363525390625,361.89
18,7632.302374267578,394.57562255859375,382.29
19,12248.725930786133,370.7411193847656,405.44
20,25477.787747192382,320.0773010253906,426.34
21,3438.63210144043,343.7533874511719,447.56
22,5402.903356933593,353.99224853515625,469.48
23,1900.881721496582,324.66668701171875,490.85
24,2181.2195220947265,306.8354797363281,511.99
25,1663.318051147461,303.0169982910156,533.05
26,1596.7382034301759,300.16937255859375,553.7
27,1528.9128356933593,292.78863525390625,574.47
28,1513.0918060302733,285.15509033203125,595.44
29,1476.9402465820312,279.4708251953125,616.66
30,1451.14365234375,274.07037353515625,637.69
31,1433.4364501953125,268.1263122558594,659.3
32,1417.6023452758789,262.4179992675781,680.98
33,1398.0696853637696,257.1489562988281,703.16
34,1380.2592315673828,251.88320922851562,725.4
35,1364.0904327392577,246.5934600830078,747.29
36,1348.017544555664,241.51812744140625,768.86
37,1331.585498046875,236.6516876220703,790.94
38,1315.8714065551758,231.87013244628906,812.1
39,1300.5917976379394,227.1444091796875,833.44
40,1285.4233963012696,222.5435791015625,853.96
41,1270.4691070556642,218.0518341064453,875.42
42,1255.8846229553224,213.70040893554688,896.31
43,1241.626628112793,209.45909118652344,917.64
44,1227.5454093933106,205.32586669921875,938.6
45,1213.722393798828,201.2982635498047,959.83
46,1200.2191673278808,197.3787384033203,982.09
47,1186.915795135498,193.57192993164062,1003.46
48,1173.7347457885742,189.8641815185547,1024.87
49,1160.7715156555175,186.2425994873047,1047.21
50,1147.979776763916,182.72242736816406,1068.8
51,1135.4542541503906,179.2938995361328,1090.03
52,1123.1693824768067,175.96348571777344,1111.07
53,1111.037483215332,172.72378540039062,1132.24
54,1099.1527885437013,169.57296752929688,1153.73
55,1087.465048980713,166.50421142578125,1176.17
56,1075.9405555725098,163.5192108154297,1198.55
57,1064.6209091186524,160.62222290039062,1221.39
58,1053.4878379821778,157.79493713378906,1244.1
59,1042.5041664123535,155.0360870361328,1266.19
60,1031.6663455963135,152.3663330078125,1287.13
61,1021.0131191253662,149.77682495117188,1308.96
62,1010.5463230133057,147.2606964111328,1330.24
63,1000.2414970397949,144.80320739746094,1352.23
64,990.0633331298828,142.39576721191406,1374.08
65,980.068798828125,140.05606079101562,1396.17
66,970.2527648925782,137.76785278320312,1418.49
67,960.5921119689941,135.5468292236328,1440.22
68,951.1334140777587,133.37442016601562,1461.93
69,941.793761062622,131.2622833251953,1483.95
70,932.526749420166,129.21099853515625,1505.65
71,923.4388050079345,127.21959686279297,1527.37
72,914.4513423919677,125.26490783691406,1548.65
73,905.5777408599854,123.35921478271484,1570.03
74,896.8198806762696,121.51815795898438,1591.75
75,888.1785495758056,119.7283706665039,1613.48
76,879.7107372283936,117.98609161376953,1634.58
77,871.3522541046143,116.28728485107422,1655.93
78,863.0952072143555,114.63524627685547,1677.71
79,854.901700592041,113.02916717529297,1699.42
80,846.8443927764893,111.46615600585938,1721.12
81,838.8809055328369,109.94342041015625,1743.19
82,831.0164920806885,108.45943450927734,1764.37
83,823.3302810668945,107.0115737915039,1786.11
84,815.7355257034302,105.60811614990234,1807.49
85,808.2363695144653,104.24166107177734,1829.19
86,800.8243644714355,102.91238403320312,1851.12
87,793.5502115249634,101.62090301513672,1872.99
88,786.3908487319947,100.36190032958984,1894.59
89,779.3430608749389,99.13777923583984,1916.43
90,772.3635889053345,97.95452880859375,1937.47
91,765.4632698059082,96.79350280761719,1959.84
92,758.6910669326783,95.66650390625,1981.85
93,751.9905563354492,94.57058715820312,2003.43
94,745.3799551010131,93.5094985961914,2025.39
95,738.8838554382324,92.4750747680664,2046.81
96,732.4772890090942,91.45925903320312,2068.18
97,726.1725748062133,90.46360778808594,2090.02
98,719.9135208129883,89.49343872070312,2111.95
99,713.7321411132813,88.5555419921875,2133.48
100,707.6014482498169,87.63365936279297,2154.6
101,701.5515316009521,86.73394775390625,2176.14
102,695.5974571228028,85.86176300048828,2198.03
103,689.7048078536988,85.00918579101562,2219.63
104,683.8820703506469,84.16319274902344,2240.99
105,678.1619758605957,83.3357925415039,2262.65
106,672.4858840942383,82.52678680419922,2284.46
107,666.8999099731445,81.74150848388672,2306.0
108,661.3701906204224,80.97217559814453,2327.78
109,655.9198966979981,80.22047424316406,2350.05
110,650.549179649353,79.48301696777344,2371.48
111,645.2371589660645,78.7665786743164,2393.46
112,639.9625640869141,78.06743621826172,2415.22
113,634.6660823822021,77.38420104980469,2436.67
114,629.5116403579711,76.71215057373047,2458.23
115,624.3617846488953,76.0720443725586,2480.07
116,619.3224436759949,75.43342590332031,2501.34
117,614.3550733566284,74.82420349121094,2522.83
118,609.5602215766907,74.1994857788086,2543.89
119,605.1944785118103,73.6351547241211,2565.17
120,601.4515445709228,73.00912475585938,2586.44
121,599.8245546340943,72.49267578125,2608.62
122,602.7587151527405,71.82997131347656,2630.23
123,619.1727707862854,71.44464874267578,2652.43
124,670.1977339744568,70.64379119873047,2673.99
125,826.7842634201049,70.57575225830078,2695.57
126,1249.9357923507691,69.28506469726562,2717.46
127,2630.71135263443,70.16939544677734,2739.58
128,5769.19720878601,67.45773315429688,2760.89
129,17149.30594625473,69.09854888916016,2783.08
130,22954.78468093872,76.32041931152344,2805.31
131,42461.922648715976,74.36866760253906,2826.83
132,4362.380609321594,166.0177459716797,2847.92
133,1564.6319047927857,136.61566162109375,2869.71
134,3446.9998295784,123.63304138183594,2890.91
135,718.2890745162964,143.87542724609375,2912.19
136,758.6912279129028,138.66204833984375,2933.5
137,843.0237370491028,129.9482421875,2954.97
138,517.1088090896607,135.85086059570312,2975.89
139,538.1387460708618,136.41311645507812,2997.34
140,541.1059139251709,131.52658081054688,3018.63
141,496.1130350112915,131.4711151123047,3040.23
142,495.6532485961914,131.97203063964844,3062.14
143,494.27855310440066,131.33132934570312,3083.52
144,484.17190446853635,129.6870880126953,3104.97
145,481.1607481002808,128.6320343017578,3126.48
146,477.9526867866516,129.1191864013672,3147.76
147,472.99107456207275,128.74400329589844,3169.31
148,469.5915951728821,126.98728942871094,3190.4
149,466.078671169281,126.62548828125,3211.89
150,461.92588701248167,127.09456634521484,3233.86
151,458.5432751655579,126.09546661376953,3255.93
152,455.0050051689148,124.93739318847656,3277.14
153,451.22765884399416,124.9885482788086,3299.12
154,447.63029289245605,124.95433807373047,3320.75
155,444.1797403335571,123.89221954345703,3342.74
156,440.7065411567688,123.20820617675781,3364.39
157,437.1644064903259,123.28668975830078,3387.7
158,433.7250432014465,122.88041687011719,3408.37
159,430.3362919807434,121.91304016113281,3430.06
160,426.96949129104615,121.55487060546875,3451.9
161,423.5525188446045,121.51255798339844,3473.73
162,420.1812258720398,120.85428619384766,3494.9
163,416.95361852645874,120.10940551757812,3515.95
164,413.6411115646362,119.93582916259766,3536.92
165,410.37471055984497,119.68165588378906,3558.57
166,407.19871978759767,118.93831634521484,3579.52
167,404.02298164367676,118.445556640625,3601.36
168,400.871951007843,118.31775665283203,3622.65
169,397.82852993011477,117.85543823242188,3644.04
170,394.8229347229004,117.19374084472656,3665.82
171,391.7985318183899,116.89044189453125,3687.15
172,388.7944584846497,116.64582061767578,3708.65
173,385.8744225502014,116.04682159423828,3730.62
174,382.9534733772278,115.52433776855469,3751.5
175,380.0010556221008,115.294677734375,3773.98
176,377.1378833770752,114.8810806274414,3795.55
177,374.3249857902527,114.31692504882812,3817.31
178,371.5281086921692,114.04002380371094,3838.75
179,368.73097677230834,113.85419464111328,3860.99
180,365.9855677604675,113.4011459350586,3883.06
181,363.2577194213867,112.97954559326172,3904.46
182,360.47569313049314,112.79206085205078,3925.64
183,357.78225288391116,112.48075103759766,3947.58
184,355.11890144348143,112.03495788574219,3967.89
185,352.46666431427,111.75558471679688,3987.96
186,349.79719362258913,111.53181457519531,4007.86
187,347.1478428840637,111.10465240478516,4027.71
188,344.5466244697571,110.69686889648438,4047.46
189,341.9197978019714,110.46622467041016,4067.82
190,339.34132080078126,110.12775421142578,4088.03
191,336.7843299865723,109.6644515991211,4108.7
192,334.2866664886475,109.34779357910156,4128.97
193,331.73782873153687,109.07266235351562,4149.39
194,329.24178953170775,108.62649536132812,4169.73
195,326.7798038482666,108.23478698730469,4190.65
196,324.3016787528992,107.98253631591797,4211.14
197,321.8787127017975,107.62084197998047,4232.14
198,319.4417654037476,107.18546295166016,4252.59
199,317.02272777557374,106.91072082519531,4273.12
200,314.5884079456329,106.63359832763672,4293.44
201,312.20684986114503,106.21250915527344,4314.13
202,309.8225832939148,105.87510681152344,4334.47
203,307.4682644844055,105.61663055419922,4355.15
204,305.11757884025576,105.22962951660156,4375.56
205,302.8269676685333,104.80553436279297,4396.26
206,300.50458612442014,104.52201080322266,4416.95
207,298.2199153423309,104.16597747802734,4437.67
208,295.95101046562195,103.7220230102539,4458.12
209,293.69676609039306,103.37577819824219,4479.09
210,291.44644351005553,103.06641387939453,4499.51
211,289.2416997432709,102.61910247802734,4520.46
212,287.0292610645294,102.21851348876953,4541.05
213,284.8426279067993,101.92683410644531,4561.83
214,282.6411666870117,101.53023529052734,4582.44
215,280.5187288284302,101.10260009765625,4603.33
216,278.3211317062378,100.821044921875,4623.89
217,276.192994594574,100.49481964111328,4644.4
218,274.05738101005556,100.06143951416016,4665.14
219,271.98391542434695,99.71479797363281,4686.23
220,269.83441796302793,99.42271423339844,4707.37
221,267.8177514076233,98.97608184814453,4728.61
222,265.7161831855774,98.60728454589844,4749.54
223,263.7042835235596,98.33804321289062,4770.57
224,261.6226152420044,98.0151138305664,4791.32
225,259.6936827659607,97.65464782714844,4812.38
226,257.5762785434723,97.50875854492188,4833.13
227,255.73316612243653,97.22552490234375,4854.24
228,252.88937735557556,97.67698669433594,4874.85
229,251.67865114212037,97.27752685546875,4894.76
230,249.80232005119325,95.57461547851562,4914.97
231,247.5055335044861,96.40064239501953,4935.8
232,245.97736377716063,96.91240692138672,4956.27
233,244.03465895652772,94.98577117919922,4977.07
234,244.04542627334595,94.91569519042969,4997.55
235,242.60444030761718,96.61387634277344,5018.22
236,248.90351595878602,93.95222473144531,5038.76
237,257.95420718193054,94.267578125,5059.51
238,300.1214514732361,94.68358612060547,5080.02
239,388.42555351257323,95.08428192138672,5100.66
240,695.9237362384796,90.24356842041016,5121.12
241,1362.8098533153534,97.72625732421875,5141.78
242,3746.7330996513365,87.02347564697266,5162.18
243,7212.210345983505,101.1345443725586,5182.99
244,20146.962588453294,78.3099365234375,5203.49
245,10724.184170532226,122.6421127319336,5224.18
246,8537.093454837799,89.11266326904297,5244.67
247,286.5566969394684,106.8895263671875,5265.57
248,1620.1006473064422,106.66973114013672,5286.11
249,1558.0794123649598,94.30458068847656,5306.78
250,200.35245695114136,100.23004150390625,5327.32
251,420.87941083908083,102.31387329101562,5347.94
252,358.19961018562316,96.03846740722656,5368.37
253,181.18390316963195,97.3994140625,5389.18
254,207.1680043697357,100.11077880859375,5409.54
255,198.14399151802064,96.83745574951172,5430.19
256,175.30224585533142,96.04763793945312,5450.77
257,176.01127228736877,98.55133056640625,5471.48
258,174.78579111099242,97.66790771484375,5491.97
259,170.78965096473695,95.20539855957031,5512.77
260,169.25273213386535,97.1356430053711,5533.24
261,168.17667260169983,98.41476440429688,5553.9
262,166.50179357528685,94.51063537597656,5574.63
263,165.37340092658997,95.70809936523438,5595.36
264,163.7130437374115,99.10814666748047,5615.86
265,162.43411793708802,93.8399429321289,5636.75
266,162.03733434677125,94.30693817138672,5657.24
267,159.62660880088805,99.79412078857422,5678.01
268,158.74584903717042,93.18805694580078,5698.56
269,158.9992257118225,93.05276489257812,5719.36
270,155.64171419143676,100.519287109375,5739.96
271,155.4355058670044,92.5992660522461,5760.88
272,156.29345178604126,92.09648895263672,5781.39
273,151.8480763912201,101.37010955810547,5802.18
274,152.730450630188,92.15035247802734,5822.71
275,153.96631422042847,91.6143569946289,5843.61
276,148.258078956604,102.4481430053711,5864.11
277,150.82130670547485,91.87281799316406,5884.98
278,152.241547870636,91.82635498046875,5905.98
279,145.0469178199768,103.95506286621094,5926.81
280,150.20084943771363,91.85714721679688,5947.39
281,151.44383192062378,93.2198715209961,5969.46
282,142.4997254371643,106.349365234375,5991.2
283,151.64104080200195,92.24876403808594,6013.43
284,152.2308095932007,96.66381072998047,6035.33
285,140.8855760574341,110.39517974853516,6057.27
286,156.51567192077636,93.13103485107422,6078.78
287,155.8777982711792,103.66197204589844,6100.97
288,140.85448608398437,117.54129028320312,6122.9
289,167.22998905181885,94.56098937988281,6144.94
290,164.67868852615356,117.03447723388672,6166.31
291,143.23130140304565,130.61334228515625,6188.44
292,188.06402931213378,96.4090347290039,6210.12
293,183.21221075057983,141.7159881591797,6231.97
294,149.5832134246826,155.08934020996094,6253.56
295,226.4550106048584,98.23530578613281,6275.24
296,220.2422158241272,186.27203369140625,6296.77
297,162.55488929748535,201.4124755859375,6318.77
298,294.85337829589844,99.4740982055664,6340.23
299,291.5331714630127,265.0350036621094,6361.97
300,186.98258152008057,286.8641357421875,6383.24
301,413.3902954101562,99.92440795898438,6405.17
302,420.753108215332,401.7396545410156,6427.23
303,230.97593421936034,431.5489196777344,6448.92
304,613.1147155761719,103.05366516113281,6469.89
305,626.5614763259888,637.0520629882812,6491.08
306,305.8489334106445,625.9855346679688,6512.71
307,936.7892333984375,127.87556457519531,6534.77
308,863.7405094146728,1028.787841796875,6556.05
309,435.1402961730957,730.8031616210938,6577.35
310,1396.9191345214845,281.13641357421875,6599.02
311,907.468762588501,1522.004150390625,6619.85
312,742.9844741821289,431.8991394042969,6640.9
313,1712.887744140625,913.793212890625,6661.9
314,556.8694925308228,1423.942138671875,6681.35
315,1396.4583618164063,92.68313598632812,6702.8
316,1068.1301437377929,1720.24560546875,6723.95
317,681.8505111694336,248.17782592773438,6744.88
318,1314.80458984375,943.4482421875,6765.7
319,337.3733856201172,646.3184814453125,6787.16
320,1069.209765625,532.1503295898438,6808.79
321,262.11371688842775,591.0894165039062,6830.54
322,744.8286804199219,206.35336303710938,6851.79
323,216.65095014572142,581.0723876953125,6872.68
324,479.7340393066406,158.3811798095703,6893.33
325,185.8769998550415,346.3810119628906,6914.08
326,315.1744781494141,91.66073608398438,6934.49
327,141.87638778686522,312.04595947265625,6956.01
328,210.22409210205078,97.92874145507812,6975.4
329,117.22753763198853,175.24429321289062,6994.88
330,150.09784851074218,77.50321960449219,7014.24
331,93.93334732055663,175.222412109375,7033.65
332,112.64096298217774,83.75813293457031,7053.06
333,83.4687852859497,108.05394744873047,7072.96
334,91.17593421936036,75.53325653076172,7092.36
335,73.10681285858155,118.58382415771484,7112.02
336,77.62758750915528,78.43257141113281,7131.58
337,69.28851914405823,84.57386779785156,7151.64
338,69.73689260482789,75.39446258544922,7172.73
339,64.4201693058014,94.88349914550781,7194.24
340,64.6745683670044,75.7865982055664,7215.0
341,62.94617509841919,76.47364044189453,7236.34
342,61.532785177230835,75.3402099609375,7257.98
343,60.35252981185913,84.07533264160156,7279.14
344,59.538630199432376,74.19256591796875,7300.46
345,59.63522639274597,73.5766830444336,7322.3
346,58.07221899032593,75.02532196044922,7343.6
347,58.07467908859253,78.58402252197266,7365.61
348,57.214531779289246,73.04594421386719,7386.72
349,57.64873647689819,72.41766357421875,7407.8
350,56.41263077259064,74.33301544189453,7429.39
351,56.78078708648682,75.38536071777344,7450.97
352,56.17388226985931,72.03907012939453,7472.13
353,56.80565719604492,71.8066177368164,7494.14
354,56.20917921066284,73.32142639160156,7515.61
355,57.48118681907654,73.29867553710938,7537.04
356,58.14213654994965,71.00267028808594,7558.72
357,61.61209132671356,71.37312316894531,7580.06
358,65.80097093582154,71.98204040527344,7601.1
359,77.48584566116332,71.95589447021484,7622.89
360,97.77704308032989,69.67618560791016,7643.42
361,141.17999725341798,71.28287506103516,7664.75
362,234.74933142662047,69.84029388427734,7685.67
363,405.126314163208,71.67410278320312,7706.76
364,843.776656293869,66.66570281982422,7728.15
365,1402.7662658929826,72.4140625,7749.49
366,3132.4435094594955,63.714664459228516,7769.91
367,3339.0822624206544,73.34950256347656,7791.65
368,5370.487997031212,58.86684799194336,7812.77
369,1393.4698335886,64.32664489746094,7834.56
370,232.53363213539123,53.389644622802734,7856.11
371,55.30508320331573,55.47676086425781,7877.24
372,147.62321786880494,55.61726760864258,7898.37
373,117.84596638679504,53.339317321777344,7919.49
374,55.90020613670349,55.10778045654297,7940.25
375,45.33556704521179,53.93918991088867,7961.11
376,49.90614116191864,53.27392578125,7982.85
377,47.853660583496094,53.850425720214844,8004.82
378,42.71279661655426,53.06123733520508,8025.86
379,43.655985021591185,53.165958404541016,8047.82
380,51.61739096641541,53.47333526611328,8068.83
381,53.38226866722107,53.897361755371094,8090.27
382,43.92507634162903,53.18418884277344,8111.05
383,42.18922085762024,53.41398620605469,8132.67
384,42.81566624641418,53.08004379272461,8154.39
385,42.01847870349884,52.62406539916992,8175.57
386,41.85984084606171,52.677547454833984,8196.78
387,41.3280987739563,52.39084243774414,8218.47
388,41.142546439170836,52.032894134521484,8239.5
389,41.11832010746002,51.85263442993164,8261.45
390,40.78801937103272,51.690513610839844,8283.05
391,40.648880290985105,51.43900680541992,8303.79
392,40.479892539978025,51.129886627197266,8324.31
393,40.275640320777896,50.95441818237305,8345.16
394,40.12615463733673,50.78509521484375,8365.73
395,39.91477963924408,50.477622985839844,8386.82
396,39.77056703567505,50.236732482910156,8407.42
397,39.58983988761902,50.079097747802734,8428.21
398,39.38241584300995,49.84206008911133,8449.07
399,39.215144991874695,49.55636978149414,8470.24
400,39.031662344932556,49.35455322265625,8491.41
401,38.8484365940094,49.177398681640625,8512.93
402,38.662673997879025,48.91029357910156,8534.33
403,38.50120000839233,48.66462707519531,8555.19
404,38.29147579669952,48.48714065551758,8576.08
405,38.11705272197723,48.265079498291016,8596.87
406,37.94425876140595,47.999935150146484,8617.84
407,37.75933849811554,47.79191970825195,8638.79
408,37.558298754692075,47.604862213134766,8659.29
409,37.40142436027527,47.360496520996094,8679.82
410,37.71164956092834,47.28740310668945,8700.45
411,37.101723194122314,47.17027282714844,8721.07
412,36.908381533622745,46.648590087890625,8742.01
413,36.72668416500092,46.14694595336914,8762.89
414,36.50855464935303,45.81697463989258,8783.19
415,36.34998707771301,45.615814208984375,8803.94
416,36.17388961315155,45.42222595214844,8824.49
417,35.997291684150696,45.278690338134766,8844.97
418,35.81332807540893,45.128170013427734,8868.46
419,35.65272572040558,44.93715286254883,8891.56
420,35.45634603500366,44.728302001953125,8913.97
421,35.27966775894165,44.55944061279297,8935.98
422,35.13148908615112,44.38737487792969,8957.44
423,34.95549867153168,44.172088623046875,8978.4
424,34.7823765039444,43.96859359741211,8999.39
425,34.59344828128815,43.7702522277832,9020.27
426,34.47374293804169,43.551536560058594,9040.95
427,34.27545523643494,43.333473205566406,9061.91
428,34.09898600578308,43.14862060546875,9082.73
429,33.93470528125763,42.92900085449219,9103.86
430,33.751895904541016,42.709754943847656,9124.56
431,33.5462869644165,42.506561279296875,9145.38
432,33.38259854316711,42.30625534057617,9166.21
433,33.235276865959165,42.0806884765625,9187.18
434,33.0556836605072,41.86867141723633,9210.11
435,32.89957735538483,41.67680740356445,9231.82
436,32.7209896326065,41.46304702758789,9254.34
437,32.534447646141054,41.24574279785156,9277.42
438,32.38851919174194,41.06282043457031,9299.87
439,32.18651030063629,40.85057067871094,9322.42
440,32.08577740192413,40.648040771484375,9344.91
441,31.8471542596817,40.43636703491211,9367.6
442,31.79427969455719,40.26105499267578,9390.37
443,31.51009633541107,40.02036666870117,9411.95
444,31.5404412984848,39.85884094238281,9432.77
445,31.2048490524292,39.632137298583984,9454.29
446,31.41047320365906,39.477874755859375,9474.76
447,31.003659701347352,39.203636169433594,9495.58
448,31.579923844337465,39.11426544189453,9515.98
449,31.185800743103027,38.79433059692383,9536.89
450,32.68662166595459,38.74333572387695,9557.44
451,32.826790022850034,38.355350494384766,9578.35
452,37.05901067256927,38.445560455322266,9600.11
453,40.71616687774658,37.85763168334961,9620.75
454,54.96045572757721,38.18031692504883,9641.62
455,76.68767392635345,37.293792724609375,9662.63
456,126.56432955265045,38.090118408203125,9683.77
457,224.68157861232757,36.36302185058594,9705.67
458,351.8992162466049,38.085018157958984,9727.0
459,627.2308089494705,34.52968978881836,9748.47
460,669.2015745401383,36.24920654296875,9769.97
461,868.6412915945053,29.35527801513672,9791.48
462,405.74290933609007,31.082134246826172,9812.33
463,152.48191039562226,26.492328643798828,9835.23
464,31.231423449516296,28.432586669921875,9858.27
465,40.390471720695494,26.553796768188477,9879.9
466,49.47942595481872,25.650653839111328,9900.42
467,36.7321973323822,27.51348876953125,9921.07
468,26.261183524131773,25.516992568969727,9942.02
469,25.97124469280243,25.57261085510254,9963.09
470,26.65690858364105,26.982336044311523,9984.37
471,25.852677273750306,25.30710792541504,10005.68
472,25.823057532310486,25.27425193786621,10026.65
473,24.85497295856476,26.622051239013672,10047.36
474,25.108142304420472,25.21887969970703,10068.56
475,25.29224944114685,25.013015747070312,10089.74
476,24.46026954650879,26.35903549194336,10111.07
477,25.052452898025514,25.1097412109375,10133.48
478,24.885906958580016,24.85879135131836,10154.55
479,24.17311954498291,26.098995208740234,10175.64
480,25.050297713279726,25.127540588378906,10196.76
481,24.60851671695709,24.88031768798828,10217.79
482,23.999307537078856,25.793819427490234,10238.42
483,25.27099702358246,25.290266036987305,10259.7
484,24.4310644865036,25.088083267211914,10280.36
485,24.023084497451784,25.496641159057617,10301.76
486,25.819420409202575,25.68545150756836,10322.75
487,24.354057049751283,25.61567497253418,10343.84
488,24.326580619812013,25.245418548583984,10365.05
489,26.914735770225526,26.43419647216797,10386.41
490,24.520856738090515,26.727245330810547,10407.36
491,25.16266827583313,25.128440856933594,10428.57
492,28.994050765037535,27.725168228149414,10449.58
493,25.089841985702513,28.903064727783203,10470.87
494,26.73512201309204,25.27239418029785,10491.74
495,32.77402667999267,29.827857971191406,10512.81
496,26.46543242931366,33.056148529052734,10533.69
497,29.5549596786499,25.881446838378906,10554.72
498,39.301178908348085,33.21124267578125,10575.71
499,30.08207552433014,40.57139587402344,10596.71
500,34.16754865646362,27.315587997436523,10617.38
501,51.21147971153259,38.26692581176758,10638.66
502,34.16204106807709,54.166595458984375,10659.3
503,41.986389541625975,30.251596450805664,10680.75
504,72.10201706886292,46.73133087158203,10701.46
505,42.52624185085297,76.97484588623047,10723.11
506,55.82041149139404,34.16817855834961,10744.46
507,103.31724643707275,61.40617752075195,10765.6
508,54.112086582183835,111.52560424804688,10786.89
509,79.19458808898926,35.910091400146484,10808.02
510,145.6686379432678,92.36102294921875,10828.86
511,63.69622948169708,149.55685424804688,10850.16
512,122.79417495727539,26.977853775024414,10870.87
513,176.81988835334778,255.56971740722656,10891.88
514,109.17259082794189,102.6424331665039,10912.78
515,145.92032623291016,27.319114685058594,10933.84
516,107.04000797271729,177.36680603027344,10954.49
517,76.47742576599121,53.117305755615234,10975.57
518,174.6325939178467,86.48491668701172,10996.16
519,59.9659182548523,162.28277587890625,11017.49
520,139.95259170532228,23.25835609436035,11038.6
521,112.41512582302093,156.88992309570312,11060.3
522,71.11262760162353,47.43626403808594,11081.34
523,140.28970851898194,108.77530670166016,11102.59
524,43.30660710334778,83.53488159179688,11123.41
525,120.05514221191406,40.58171844482422,11144.98
526,48.33061349391937,112.02046966552734,11165.97
527,82.55373039245606,22.571964263916016,11187.17
528,58.68860859870911,85.49867248535156,11208.37
529,54.703960227966306,21.492721557617188,11229.66
530,65.42719984054565,73.8591537475586,11250.5
531,42.0066201210022,24.37514305114746,11272.11
532,69.08152179718017,43.781532287597656,11292.81
533,57.16570405960083,32.40750503540039,11314.4
534,103.24302453994751,34.462100982666016,11335.31
535,113.38408770561219,28.16379165649414,11356.26
536,162.05651206970214,20.476806640625,11377.58
537,201.07514832019805,31.318387985229492,11399.18
538,182.11895866394042,15.326278686523438,11419.99
539,212.3377730846405,20.507211685180664,11441.36
540,140.68120346069335,11.64290714263916,11462.3
541,102.6730835199356,19.806550979614258,11483.5
542,41.61232218742371,9.414206504821777,11504.54
543,20.427020215988158,12.285686492919922,11525.81
544,15.48412890434265,10.628341674804688,11546.37
545,20.860076236724854,12.465645790100098,11567.4
546,15.868412971496582,9.464134216308594,11588.5
547,17.472920060157776,8.942984580993652,11609.37
548,13.547422003746032,11.652507781982422,11630.26
549,15.086336851119995,8.86469841003418,11651.54
550,13.8624138712883,9.681218147277832,11672.67
551,13.960642647743224,8.280097961425781,11693.74
552,13.860999739170074,10.716176986694336,11714.43
553,13.141778326034546,8.181139945983887,11735.6
554,13.669196271896363,8.689980506896973,11756.8
555,12.677011585235595,9.042357444763184,11777.72
556,13.35229662656784,8.991073608398438,11798.71
557,12.532173204421998,8.383337020874023,11820.2
558,12.930471920967102,8.045652389526367,11840.81
559,12.422345435619354,9.22998046875,11861.79
560,12.532943654060364,8.04838752746582,11882.83
561,12.427639532089234,8.183246612548828,11903.77
562,12.16745958328247,8.199176788330078,11924.91
563,12.348889803886413,8.5520658493042,11945.93
564,11.969154286384583,7.886537075042725,11966.82
565,12.180246794223786,7.814154148101807,11988.01
566,11.834561014175415,8.39377212524414,12008.61
567,11.93402669429779,7.844338893890381,12029.62
568,11.768171811103821,7.772911548614502,12051.17
569,11.669247555732728,7.789021015167236,12072.07
570,11.694039142131805,8.06021785736084,12093.02
571,11.510821735858917,7.578455448150635,12114.32
572,11.587212181091308,7.535869598388672,12135.13
573,11.382346940040588,7.880843639373779,12156.62
574,11.42000516653061,7.576356887817383,12177.4
575,11.30581328868866,7.488104343414307,12198.26
576,11.216943526268006,7.547702789306641,12219.05
577,11.19298471212387,7.714778423309326,12239.92
578,11.039526927471162,7.399658679962158,12260.96
579,11.060721886157989,7.3788065910339355,12282.26
580,10.909545075893401,7.631319522857666,12302.79
581,10.908792984485626,7.394055366516113,12323.5
582,10.81098061800003,7.314234256744385,12344.46
583,10.735882687568665,7.39210319519043,12365.67
584,10.72083214521408,7.450546741485596,12386.59
585,10.591742503643037,7.238192081451416,12407.59
586,10.576279032230378,7.22802734375,12428.02
587,10.49440519809723,7.414170742034912,12448.79
588,10.433354449272155,7.213089942932129,12469.94
589,10.397277271747589,7.184453010559082,12491.27
590,10.285049223899842,7.307428359985352,12512.34
591,10.27169337272644,7.291490077972412,12533.92
592,10.175241374969483,7.175036907196045,12554.84
593,10.11797890663147,7.203475475311279,12576.04
594,10.097106671333313,7.337259769439697,12596.86
595,9.996637594699859,7.1684250831604,12618.76
596,9.982292532920837,7.160404205322266,12639.93
597,9.856300020217896,7.295780181884766,12661.67
598,9.866450273990631,7.187744617462158,12683.69
599,9.743542659282685,7.074779510498047,12705.47
600,9.73012056350708,7.087039947509766,12726.8
601,9.656116116046906,7.076290130615234,12747.91
602,9.613416647911071,6.90314245223999,12768.89
603,9.494242954254151,6.8621392250061035,12789.99
604,9.549733698368073,6.929138660430908,12810.96
605,9.369629633426666,6.747663497924805,12832.33
606,9.523391675949096,6.678558349609375,12853.22
607,9.276902532577514,6.7249321937561035,12874.54
608,9.67662671804428,6.660489082336426,12895.61
609,9.516017150878906,6.6420745849609375,12916.62
610,10.912379956245422,6.661074161529541,12937.99
611,11.29552321434021,6.6486334800720215,12959.13
612,15.248138213157654,6.647999286651611,12980.48
613,23.07399203777313,6.3961663246154785,13002.34
614,43.60781203508377,6.666501522064209,13024.01
615,82.90708504915237,6.109711647033691,13045.09
616,127.01272847652436,5.623472213745117,13066.48
617,334.14962723255155,5.375726699829102,13087.98
618,487.60654985904694,4.043086051940918,13108.69
619,908.9952381253242,2.53620982170105,13128.9
620,182.47197219133378,11.867286682128906,13149.91
621,38.58010635375977,14.892704010009766,13170.9
622,23.777777218818663,31.544885635375977,13192.11
623,15.90711350440979,20.328046798706055,13213.19
624,25.20486831665039,22.12309455871582,13234.87
625,38.76826095581055,31.793481826782227,13256.23
626,144.1999652862549,18.924911499023438,13277.04
627,531.3508384704589,27.727449417114258,13298.38
628,2035.2841055870056,23.70167350769043,13320.51
629,4962.220021009445,12.547106742858887,13342.6
630,102685.3534466982,92.18473815917969,13363.68
631,467188.3950954437,32677.564453125,13384.67
632,2864474.8243652345,591685.0625,13405.61
633,2912508.2515625,515897.4375,13427.6
634,576916.3559570312,31.564645767211914,13448.8
635,63044.86240270138,155.92471313476562,13471.03
636,115751.33833879232,18.118867874145508,13491.0
637,2853.581297981739,29.078466415405273,13511.67
638,75.73625292778016,15.683544158935547,13532.21
639,9.82170033454895,9.318171501159668,13553.09
640,3.241077017784119,7.076048851013184,13573.46
641,1.9271346807479859,5.771813869476318,13594.24
642,1.428870725631714,4.524416446685791,13614.89
643,2.3242841839790342,3.6813974380493164,13635.47
644,1.459451937675476,6.176551818847656,13655.48
645,1.447738027572632,6.160421371459961,13677.02
646,1.4348544120788573,6.142727375030518,13697.35
647,1.422339630126953,6.124919891357422,13718.98
648,1.4100281715393066,6.10711669921875,13739.63
649,1.3980221152305603,6.089405536651611,13760.63
650,1.3863142251968383,6.072071075439453,13781.44
651,1.3749353528022765,6.054783821105957,13802.93
652,1.3639156579971314,6.037855625152588,13824.18
653,1.3531872987747193,6.02105188369751,13845.06
654,1.3427849531173706,6.004539489746094,13865.59
655,1.332631003856659,5.988255500793457,13886.29
656,1.322770643234253,5.972343921661377,13907.28
657,1.3132796168327332,5.956463813781738,13928.21
658,1.3040329694747925,5.940833568572998,13948.75
659,1.2950021147727966,5.925473213195801,13969.76
660,1.2862931489944458,5.910279273986816,13990.44
661,1.2778622150421142,5.8951921463012695,14011.7
662,1.2696516275405885,5.880491733551025,14033.14
663,1.2616397619247437,5.865908622741699,14054.46
664,1.2539392113685608,5.851528644561768,14075.19
665,1.2464694142341615,5.837416172027588,14096.43
666,1.2392465353012085,5.823551654815674,14117.25
667,1.2322399497032166,5.809902191162109,14138.54
668,1.225460696220398,5.796289443969727,14160.77
669,1.218874180316925,5.782908916473389,14182.85
670,1.2125147342681886,5.769901752471924,14205.85
671,1.206333577632904,5.756937503814697,14228.29
672,1.2003708600997924,5.744189739227295,14249.46
673,1.1945737838745116,5.731614589691162,14270.68
674,1.1889763712882995,5.719222545623779,14292.22
675,1.1835336089134216,5.7071533203125,14313.78
676,1.1783254265785217,5.695178508758545,14335.16
677,1.1732792377471923,5.683282852172852,14355.94
678,1.1683821439743043,5.671855926513672,14376.21
679,1.163665735721588,5.660323619842529,14397.01
680,1.1590674638748169,5.649028778076172,14417.68
681,1.1546636939048767,5.637991905212402,14439.05
682,1.1503501772880553,5.627041816711426,14460.19
683,1.146236515045166,5.616340637207031,14482.16
684,1.1422311544418335,5.60572624206543,14503.38
685,1.1383920550346374,5.595328330993652,14524.42
686,1.1346778869628906,5.585119724273682,14544.55
687,1.1311226844787599,5.575081825256348,14566.06
688,1.1276700854301454,5.56521463394165,14586.6
689,1.1243430018424987,5.555580139160156,14606.85
690,1.1211321830749512,5.546008586883545,14627.03
691,1.1180367112159728,5.536593914031982,14647.61
692,1.1150624632835389,5.527368068695068,14667.96
693,1.1121569514274596,5.518266677856445,14688.43
694,1.109382116794586,5.509337902069092,14708.59
695,1.1066530585289,5.500543594360352,14729.37
696,1.1040818333625793,5.49191951751709,14749.42
697,1.1016040444374084,5.483447551727295,14769.82
698,1.099171531200409,5.47514009475708,14789.85
699,1.0968807816505433,5.466852188110352,14810.17
700,1.0946706771850585,5.458901405334473,14830.29
701,1.0925305247306825,5.4510884284973145,14850.62
702,1.090470278263092,5.443174839019775,14871.05
703,1.088501751422882,5.435678482055664,14891.21
704,1.0865920901298523,5.428249359130859,14911.54
705,1.084781002998352,5.420871734619141,14932.05
706,1.0830449104309081,5.413545608520508,14952.08
707,1.081377339363098,5.406538009643555,14971.88
708,1.079776394367218,5.399709224700928,14991.93
709,1.0782384514808654,5.392808437347412,15012.43
710,1.076761281490326,5.38613224029541,15032.99
711,1.0753424763679504,5.379560470581055,15052.73
712,1.073975431919098,5.373166561126709,15072.74
713,1.0726573944091797,5.366871356964111,15092.84
714,1.0714025259017945,5.360597610473633,15112.72
715,1.0701876282691956,5.354581832885742,15132.9
716,1.069016683101654,5.3485798835754395,15152.85
717,1.0679027915000916,5.342719078063965,15172.66
718,1.0668392419815063,5.337072849273682,15192.19
719,1.0658190727233887,5.331332206726074,15213.27
720,1.0647619843482972,5.325928688049316,15233.39
721,1.0638301968574524,5.320539474487305,15253.7
722,1.0629360914230346,5.315143585205078,15273.87
723,1.0620770096778869,5.309947967529297,15294.4
724,1.061254632472992,5.3048882484436035,15314.47
725,1.0604581475257873,5.299933910369873,15334.92
726,1.0597067475318909,5.295160293579102,15355.57
727,1.0589848756790161,5.290337562561035,15375.96
728,1.05828617811203,5.285729885101318,15396.16
729,1.0576259732246398,5.281158924102783,15416.62
730,1.0569951772689818,5.2766852378845215,15436.67
731,1.0563895583152771,5.272235870361328,15457.65
732,1.0558102607727051,5.267912864685059,15478.21
733,1.0552562594413757,5.263747692108154,15497.99
734,1.05472229719162,5.259474277496338,15517.67
735,1.0542147517204286,5.2556657791137695,15537.82
736,1.0537285804748535,5.251641273498535,15557.62
737,1.053268051147461,5.247696876525879,15577.08
738,1.0528265357017517,5.243946075439453,15596.58
739,1.052403485774994,5.2403435707092285,15616.02
740,1.0519993662834168,5.236670970916748,15635.15
741,1.0516072869300843,5.233224868774414,15654.71
742,1.0512382984161377,5.229715347290039,15673.9
743,1.050886631011963,5.226386070251465,15693.4
744,1.0505507230758666,5.223001480102539,15712.94
745,1.050228762626648,5.219877243041992,15732.42
746,1.0499207973480225,5.216716766357422,15751.67
747,1.0496254682540893,5.213594913482666,15771.39
748,1.0493382573127747,5.210658073425293,15790.86
749,1.0490703582763672,5.207766056060791,15810.26
750,1.048813819885254,5.204850673675537,15829.69
751,1.0485660314559937,5.202006816864014,15849.18
752,1.0483322978019713,5.19930362701416,15867.98
753,1.048108124732971,5.196660995483398,15887.53
754,1.047892725467682,5.194103717803955,15906.81
755,1.0476696848869325,5.191483020782471,15926.14
756,1.0474752545356751,5.188986778259277,15945.77
757,1.0472885489463806,5.186534881591797,15965.43
758,1.0471012115478515,5.184245586395264,15984.75
759,1.0469321966171266,5.182036876678467,16004.47
760,1.046769952774048,5.179679870605469,16023.99
761,1.0466138243675231,5.177495956420898,16043.41
762,1.0464622139930726,5.175408840179443,16063.01
763,1.0463189840316773,5.173374652862549,16082.72
764,1.0461815237998962,5.171320915222168,16102.06
765,1.0460498332977295,5.1693878173828125,16121.74
766,1.0459229946136475,5.167425632476807,16141.33
767,1.0458019018173217,5.165581703186035,16160.67
768,1.0456837296485901,5.163738250732422,16179.77
769,1.045570969581604,5.162003993988037,16199.22
770,1.045462143421173,5.160310745239258,16218.08
771,1.0453577995300294,5.158537864685059,16239.7
772,1.0452571153640746,5.1570658683776855,16261.27
773,1.0451605677604676,5.155401706695557,16283.21
774,1.0450672388076783,5.153890609741211,16304.76
775,1.044977068901062,5.152349472045898,16327.28
776,1.0448904275894164,5.1507720947265625,16348.52
777,1.0448065042495727,5.149404048919678,16370.13
778,1.0447249174118043,5.148104667663574,16391.36
779,1.0446462392807008,5.146661758422852,16413.3
780,1.04456969499588,5.145426273345947,16435.1
781,1.0444959163665772,5.144139289855957,16456.91
782,1.0444241285324096,5.142850875854492,16479.81
783,1.0443542361259461,5.141641616821289,16501.73
784,1.044286322593689,5.1405792236328125,16523.55
785,1.0442201018333435,5.139416217803955,16545.65
786,1.044155740737915,5.138333797454834,16567.36
787,1.0440926790237426,5.1371355056762695,16589.54
788,1.0440308928489686,5.136176586151123,16610.49
789,1.0439710736274719,5.135142803192139,16632.05
790,1.0439122438430786,5.134118556976318,16653.04
791,1.0438547372817992,5.133235454559326,16674.75
792,1.043798041343689,5.13229513168335,16696.13
793,1.0437426567077637,5.13148307800293,16718.92
794,1.0436883091926574,5.130550384521484,16740.6
795,1.0436348080635072,5.129724502563477,16761.78
796,1.0435820460319518,5.128973960876465,16782.97
797,1.0435300469398499,5.128105163574219,16804.39
798,1.0434789299964904,5.127262592315674,16825.88
799,1.0434281945228576,5.126534461975098,16848.43
800,1.0433783531188965,5.12582540512085,16870.21
801,1.0433290123939514,5.125073432922363,16892.13
802,1.0432802081108092,5.124464988708496,16914.15
803,1.0432318210601808,5.12379789352417,16935.8
804,1.0431839942932128,5.123176097869873,16957.9
805,1.0431366324424745,5.122527122497559,16979.59
806,1.0430895209312439,5.121927261352539,17001.06
807,1.0430428504943847,5.121410369873047,17022.88
808,1.0429964423179627,5.120849609375,17044.17
809,1.0429503679275514,5.120197772979736,17065.85
810,1.04290452003479,5.119717597961426,17088.3
811,1.0428589105606079,5.119231700897217,17109.9
812,1.042813527584076,5.118707180023193,17131.25
813,1.0427682757377625,5.118195056915283,17152.88
814,1.0427232384681702,5.117645263671875,17174.8
815,1.0426783204078673,5.1172590255737305,17197.43
816,1.0426334738731384,5.116827487945557,17218.95
817,1.0425887703895569,5.116454601287842,17240.88
818,1.042544138431549,5.1160407066345215,17262.21
819,1.0424996376037599,5.115538120269775,17283.48
820,1.0424550771713257,5.115187644958496,17304.94
821,1.0424106478691102,5.114871501922607,17325.24
822,1.042366349697113,5.114528179168701,17346.8
823,1.0423218607902527,5.114127159118652,17368.14
824,1.0422775387763976,5.113764762878418,17389.84
825,1.042233157157898,5.113420486450195,17411.23
826,1.0421886801719666,5.113116264343262,17432.63
827,1.042144227027893,5.112796783447266,17455.28
828,1.042099702358246,5.112490177154541,17476.86
829,1.0420550942420959,5.112118721008301,17498.46
830,1.0420105099678039,5.111873149871826,17519.78
831,1.0419657707214356,5.111604690551758,17541.61
832,1.0419209480285645,5.111361503601074,17563.44
833,1.0418760538101197,5.111126899719238,17585.16
834,1.041831123828888,5.110910892486572,17606.22
835,1.0417860507965089,5.110698223114014,17627.75
836,1.0417408704757691,5.11049222946167,17649.08
837,1.0416955947875977,5.110246181488037,17670.41
838,1.0416501402854919,5.109986305236816,17693.01
839,1.0416046500205993,5.109783172607422,17714.86
840,1.0415589690208436,5.109554767608643,17735.99
841,1.041513192653656,5.109323978424072,17757.81
842,1.041467297077179,5.109112739562988,17778.61
843,1.0414212226867676,5.108936786651611,17799.87
844,1.0413750529289245,5.108752727508545,17821.87
845,1.0413286924362182,5.108577728271484,17843.56
846,1.0412822246551514,5.108388423919678,17864.96
847,1.0412355303764342,5.108233451843262,17886.49
848,1.0411887526512147,5.108101844787598,17907.76
849,1.0411418318748473,5.107967376708984,17929.71
850,1.0410947918891906,5.107831954956055,17951.41
851,1.041047465801239,5.107649326324463,17974.33
852,1.0410000801086425,5.107453346252441,17995.78
853,1.0409525275230407,5.107310771942139,18017.75
854,1.0409048080444336,5.1071624755859375,18039.47
855,1.04085693359375,5.107008934020996,18061.08
856,1.0408088445663453,5.106882095336914,18083.44
857,1.040760600566864,5.106727123260498,18105.62
858,1.0407122015953063,5.106549263000488,18126.53
859,1.0406636595726013,5.10637092590332,18148.5
860,1.0406149268150329,5.1062517166137695,18169.87
861,1.0405659794807434,5.106096267700195,18191.08
862,1.0405169129371643,5.105935573577881,18212.09
863,1.040467631816864,5.105777740478516,18234.07
864,1.0404181599617004,5.1056413650512695,18256.23
865,1.0403686165809631,5.105544090270996,18278.25
866,1.040318775177002,5.105462074279785,18300.18
867,1.0402688264846802,5.105343341827393,18321.73
868,1.0402186274528504,5.105221748352051,18343.39
869,1.0401683449745178,5.105130672454834,18364.83
870,1.0401178359985352,5.105039596557617,18386.62
871,1.0400671243667603,5.1049323081970215,18408.19
872,1.0400162577629088,5.10482931137085,18429.64
873,1.0399652004241944,5.104709148406982,18451.01
874,1.0399139761924743,5.10460901260376,18472.64
875,1.0398625135421753,5.104508399963379,18493.94
876,1.0398109316825868,5.104391574859619,18515.43
877,1.0397591233253478,5.104305744171143,18537.05
878,1.039707100391388,5.104176998138428,18557.85
879,1.0396549105644226,5.1041107177734375,18579.29
880,1.0396025419235229,5.103968143463135,18600.64
881,1.039549970626831,5.1038737297058105,18622.5
882,1.0394972681999206,5.1038055419921875,18643.81
883,1.0394443273544312,5.103723049163818,18665.19
884,1.0393911719322204,5.1036529541015625,18686.39
885,1.0393378853797912,5.103565216064453,18708.36
886,1.0392843246459962,5.103485584259033,18730.12
887,1.0392305970191955,5.103376865386963,18751.86
888,1.0391767501831055,5.10330867767334,18773.47
889,1.0391226172447205,5.103243827819824,18794.41
890,1.039068305492401,5.103100299835205,18816.52
891,1.0390138626098633,5.103042125701904,18838.13
892,1.0389591693878173,5.10295295715332,18859.5
893,1.0389042973518372,5.102839469909668,18881.69
894,1.0388492107391358,5.102757930755615,18903.06
895,1.0387939095497132,5.102686405181885,18924.48
896,1.0387384414672851,5.102619647979736,18945.99
897,1.0386827826499938,5.1025519371032715,18967.53
898,1.0386269569396973,5.102481842041016,18988.87
899,1.0385708928108215,5.102405548095703,19011.45
900,1.0385146141052246,5.10233736038208,19033.51
901,1.0384581685066223,5.1022539138793945,19056.65
902,1.038401484489441,5.102171421051025,19079.54
903,1.0383446097373963,5.102066516876221,19102.28
904,1.0382875680923462,5.101955413818359,19124.26
905,1.0382303237915038,5.1018805503845215,19146.19
906,1.0381729125976562,5.101807117462158,19168.68
907,1.0381152033805847,5.101741313934326,19191.79
908,1.0380573511123656,5.1016435623168945,19213.69
909,1.0379992842674255,5.101562023162842,19236.33
910,1.03794105052948,5.101492404937744,19258.35
911,1.0378825664520264,5.101405620574951,19280.91
912,1.0378239393234252,5.101346015930176,19303.31
913,1.0377650380134582,5.101278781890869,19326.02
914,1.037705945968628,5.10121488571167,19348.09
915,1.0376466751098632,5.101131439208984,19370.44
916,1.0375872254371643,5.101060390472412,19393.1
917,1.0375275611877441,5.10099983215332,19415.26
918,1.037467646598816,5.100915431976318,19437.66
919,1.0374075770378113,5.100846290588379,19459.72
920,1.0373472690582275,5.100783824920654,19481.8
921,1.0372867584228516,5.100698471069336,19503.54
922,1.0372260451316833,5.100624084472656,19526.75
923,1.037165141105652,5.100547790527344,19549.33
924,1.037104034423828,5.100457191467285,19571.33
925,1.0370427131652833,5.100392818450928,19593.48
926,1.036981201171875,5.100332736968994,19615.66
927,1.0369195222854615,5.100270748138428,19638.07
928,1.0368575692176818,5.100202560424805,19660.15
929,1.036795401573181,5.100120544433594,19682.36
930,1.0367330312728882,5.100048065185547,19704.93
931,1.0366705536842347,5.099984645843506,19726.89
932,1.0366077423095703,5.099914073944092,19747.45
933,1.0365448117256164,5.099844932556152,19768.16
934,1.0364815592765808,5.0997700691223145,19788.82
935,1.0364181756973267,5.099690914154053,19809.52
936,1.0363546133041381,5.099625110626221,19830.03
937,1.0362908601760865,5.099555969238281,19850.84
938,1.0362268447875977,5.099484443664551,19871.09
939,1.0361626625061036,5.0994181632995605,19891.74
940,1.0360982179641725,5.0993499755859375,19912.2
941,1.036033606529236,5.099283218383789,19932.95
942,1.0359687805175781,5.099213123321533,19953.42
943,1.0359037280082704,5.099145412445068,19973.97
944,1.035838508605957,5.099071979522705,19994.39
945,1.0357730388641357,5.099004745483398,20015.1
946,1.0357073426246644,5.098933696746826,20035.75
947,1.0356415152549743,5.098852157592773,20056.52
948,1.0355754375457764,5.098786354064941,20077.02
949,1.0355091214179992,5.09870719909668,20097.83
950,1.0354426503181458,5.098639965057373,20118.24
951,1.0353759407997132,5.098568916320801,20139.0
952,1.035309076309204,5.0985002517700195,20159.11
953,1.0352419018745422,5.098433494567871,20179.71
954,1.035174596309662,5.098363399505615,20200.52
955,1.0351070761680603,5.098271369934082,20221.55
956,1.0350392818450929,5.098190784454346,20242.01
957,1.0349713683128356,5.098080635070801,20262.47
958,1.0349031925201415,5.097989082336426,20285.0
959,1.0348348140716552,5.0979204177856445,20306.85
960,1.0347662568092346,5.097826957702637,20328.78
961,1.034697413444519,5.097748756408691,20350.82
962,1.034628415107727,5.097670078277588,20372.49
963,1.0345592379570008,5.097602367401123,20394.65
964,1.0344898462295533,5.097512722015381,20415.95
965,1.0344202160835265,5.097439289093018,20437.7
966,1.034350371360779,5.097367286682129,20459.5
967,1.0342803597450256,5.097290992736816,20481.45
968,1.0342100620269776,5.097217082977295,20503.25
969,1.034139668941498,5.097145080566406,20525.32
970,1.0340689897537232,5.097074508666992,20546.75
971,1.0339981317520142,5.0970025062561035,20568.91
972,1.033927047252655,5.096923351287842,20590.64
973,1.0338557243347168,5.096848011016846,20612.68
974,1.03378427028656,5.0967793464660645,20634.51
975,1.0337126016616822,5.096704959869385,20656.41
976,1.0336406707763672,5.096628665924072,20678.17
977,1.0335686564445496,5.0965471267700195,20699.97
978,1.0334962725639343,5.096473693847656,20721.41
979,1.0334237456321715,5.096399307250977,20743.27
980,1.0333509922027588,5.096325397491455,20765.05
981,1.0332780838012696,5.096250534057617,20787.08
982,1.0332049250602722,5.096175193786621,20808.95
983,1.0331316113471984,5.096078395843506,20830.99
984,1.0330580830574037,5.096005916595459,20852.62
985,1.0329843521118165,5.0959272384643555,20874.51
986,1.0329103827476502,5.095833778381348,20896.13
987,1.0328362107276916,5.095752716064453,20918.25
988,1.0327618718147278,5.095677852630615,20940.39
989,1.0326872706413268,5.095600128173828,20962.43
990,1.0326125144958496,5.095523357391357,20984.41
991,1.032537567615509,5.095434188842773,21006.5
992,1.0324624180793762,5.095360279083252,21028.23
993,1.0323869943618775,5.095287322998047,21050.51
994,1.0323114156723023,5.095210552215576,21072.27
995,1.0322356343269348,5.09513521194458,21094.35
996,1.0321596384048461,5.095057964324951,21116.04
997,1.0320834517478943,5.094963073730469,21137.91
998,1.0320070743560792,5.0948710441589355,21159.6
999,1.0319304704666137,5.094794750213623,21181.68
1000,1.0318536639213562,5.094718933105469,21203.34
